{"goldPlayer":409,"waveDog":2,"levelShield":0,"highestLevelChicken":6,"levelSpawnChicken":3,"indexSlot":[0,1,2,3,12,13,14,15,16,17],"nameChicken":["Chicken04","Chicken04","Chicken04","Chicken04","Chicken07","Chicken07","Chicken07","Chicken07","Chicken06","Chicken06"],"volumeMusic":0.00009999999747378752,"volumeSFX":0.00009999999747378752,"lastTimeExit":"4/4/2024 11:18:59 AM","achievementList":[7.0,3369.0,3.0,89.0],"missionCurrentList":[10.0,10000.0,5.0,100.0],"indexMissionList":[1,1,0,1],"learnTutorial":true}