{"goldPlayer":264,"waveDog":2,"levelShield":0,"highestLevelChicken":6,"levelSpawnChicken":3,"indexSlot":[12,13,14,15,16,17],"nameChicken":["Chicken07","Chicken07","Chicken07","Chicken07","Chicken06","Chicken06"],"volumeMusic":0.00009999999747378752,"volumeSFX":0.00009999999747378752,"lastTimeExit":"4/2/2024 6:39:36 PM","achievementList":[7.0,2584.0,3.0,89.0],"missionCurrentList":[10.0,10000.0,5.0,100.0],"indexMissionList":[1,1,0,1],"learnTutorial":true}