{"goldPlayer":2165,"waveDog":1,"levelShield":0,"highestLevelChicken":1,"levelSpawnChicken":0,"indexSlot":[12,13,14,15,16,17],"nameChicken":["Chicken02","Chicken02","Chicken02","Chicken02","Chicken02","Chicken02"],"volumeMusic":0.00009999999747378752,"volumeSFX":0.00009999999747378752,"lastTimeExit":"3/26/2024 9:07:10 PM","achievementList":[2.0,2178.0,2.0,19.0],"missionCurrentList":[5.0,1000.0,3.0,10.0],"indexMissionList":[0,0,0,0]}