{"goldPlayer":3001,"waveDog":1,"levelShield":1,"highestLevelChicken":2,"levelSpawnChicken":0,"indexSlot":[0,4,5,8,9,12,13,14,15,16,17],"nameChicken":["Chicken03","Chicken02","Chicken02","Chicken02","Chicken02","Chicken02","Chicken02","Chicken01","Chicken01","Chicken01","Chicken01"],"volumeMusic":0.00009999999747378752,"volumeSFX":0.00009999999747378752,"lastTimeExit":"3/24/2024 8:23:57 PM"}