{"goldPlayer":30953271696,"waveDog":40,"levelShield":26,"highestLevelChicken":20,"levelSpawnChicken":17,"indexSlot":[12,13,14,15,16,17],"nameChicken":["Chicken40","Chicken40","Chicken40","Chicken40","Chicken40","Chicken40"],"volumeMusic":0.33304619789123537,"volumeSFX":5.319464683532715,"lastTimeExit":"3/29/2024 6:01:29 PM","achievementList":[19.0,39185727488.0,47.0,3723.0],"missionCurrentList":[5.0,1000.0,3.0,10.0],"indexMissionList":[0,0,0,0]}